{"cameraMode":{"drawMode":0,"name":"Shaded","section":"Shading Mode"},"sceneLighting":true,"audioPlay":false,"sceneViewState":{"m_AlwaysRefresh":false,"showFog":true,"showSkybox":true,"showFlares":true,"showImageEffects":true,"showParticleSystems":true,"showVisualEffectGraphs":true,"m_FxEnabled":true},"in2DMode":false,"pivot":{"x":1.4692610502243043,"y":-1.031391978263855,"z":7.601619720458984},"rotation":{"x":0.01616491749882698,"y":0.9578406810760498,"z":-0.2815554738044739,"w":0.05493650212883949},"size":12.326663970947266,"orthographic":true}